{
	"info": {
		"_postman_id": "2f8f8b8a-7726-4fcc-9653-b098e1211fb6",
		"name": "INFO6150 - Web Design  - Assignment 6",
		"schema": "https://schema.getpostman.com/json/collection/v2.1.0/collection.json"
	},
	"item": [
		{
			"name": "Home Page",
			"request": {
				"method": "GET",
				"header": [],
				"url": {
					"raw": "http://localhost:8000/",
					"protocol": "http",
					"host": [
						"localhost"
					],
					"port": "8000",
					"path": [
						""
					]
				}
			},
			"response": []
		},
		{
			"name": "Create a new user",
			"request": {
				"auth": {
					"type": "noauth"
				},
				"method": "POST",
				"header": [],
				"body": {
					"mode": "raw",
					"raw": "{\n    \"email\": \"kanguri.r@northeastern.edu\",\n    \"password\": \"Ramya@123\",\n    \"confirm_password\": \"Ramya@123\"\n}",
					"options": {
						"raw": {
							"language": "json"
						}
					}
				},
				"url": {
					"raw": "http://localhost:8000/user/create",
					"protocol": "http",
					"host": [
						"localhost"
					],
					"port": "8000",
					"path": [
						"user",
						"create"
					]
				}
			},
			"response": []
		},
		{
			"name": "Get all users",
			"request": {
				"method": "GET",
				"header": [],
				"url": {
					"raw": "http://localhost:8000/user/getAll",
					"protocol": "http",
					"host": [
						"localhost"
					],
					"port": "8000",
					"path": [
						"user",
						"getAll"
					],
					"query": [
						{
							"key": "page",
							"value": "1",
							"disabled": true
						}
					]
				}
			},
			"response": []
		},
		{
			"name": "Delete a user",
			"request": {
				"method": "DELETE",
				"header": [],
				"body": {
					"mode": "raw",
					"raw": "{\n    \"email\": \"shivani.chavan@northeastern.edu\",\n    \"password\": \"Shivi@123\"\n}",
					"options": {
						"raw": {
							"language": "json"
						}
					}
				},
				"url": {
					"raw": "http://localhost:8000/user/delete",
					"protocol": "http",
					"host": [
						"localhost"
					],
					"port": "8000",
					"path": [
						"user",
						"delete"
					],
					"query": [
						{
							"key": "id",
							"value": "6230f1d45618d1059554dd43",
							"disabled": true
						}
					]
				}
			},
			"response": []
		},
		{
			"name": "Edit a user",
			"request": {
				"auth": {
					"type": "noauth"
				},
				"method": "POST",
				"header": [],
				"body": {
					"mode": "raw",
					"raw": "{\n    \"email\": \"a.mulik@northeastern.edu\",\n    \"password\": \"Obs\",\n    \"new_password\": \"Obs@123\",\n    \"confirm_new_password\": \"Obs@123\"\n}",
					"options": {
						"raw": {
							"language": "json"
						}
					}
				},
				"url": {
					"raw": "http://localhost:8000/user/edit",
					"protocol": "http",
					"host": [
						"localhost"
					],
					"port": "8000",
					"path": [
						"user",
						"edit"
					]
				}
			},
			"response": []
		}
	]
}